filename,h2b_id,label
20220217_h2b halo_cel8_no_ir.rpt_tracked.trxyt,613,0
20220217_h2b halo_cel8_no_ir.rpt_tracked.trxyt,175,0
20220217_h2b halo_cel8_no_ir.rpt_tracked.trxyt,1228,0
20220217_h2b halo_cel8_no_ir.rpt_tracked.trxyt,1200,0
20220217_h2b halo_cell1_no_ir.rpt_tracked.trxyt,1920,0
20220217_h2b halo_cel8_no_ir.rpt_tracked.trxyt,217,0
20220217_h2b halo_cel8_no_ir.rpt_tracked.trxyt,203,0
20220217_h2b halo_cell1_no_ir.rpt_tracked.trxyt,2434,0
20220301_H2B Halo_Field7_no_ir.mldatx_tracked copy.trxyt,2605,0
20220217_h2b halo_cell1_no_ir.rpt_tracked.trxyt,2178,0
20220217_h2b halo_cell3_no_ir.rpt_tracked.trxyt,1533,0
20220301_H2B Halo_Field13_no_ir.mldatx_tracked.trxyt,5670,0
20220217_h2b halo_cel8_no_ir.rpt_tracked.trxyt,1176,0
20220217_h2b halo_cel8_no_ir.rpt_tracked.trxyt,954,0
20220301_H2B Halo_Field13_no_ir.mldatx_tracked.trxyt,57,0
20220217_h2b halo_cel8_no_ir.rpt_tracked.trxyt,941,0
20220217_h2b halo_cel8_no_ir.rpt_tracked.trxyt,1188,0
20220217_h2b halo_cel8_no_ir.rpt_tracked.trxyt,1163,0
20220217_h2b halo_cell1_no_ir.rpt_tracked.trxyt,2623,0
20220301_H2B Halo_Field13_no_ir.mldatx_tracked.trxyt,2446,0
20220217_h2b halo_cell1_no_ir.rpt_tracked.trxyt,2582,0
20220217_h2b halo_cell1_no_ir.rpt_tracked.trxyt,2227,0
20220217_h2b halo_cell1_no_ir.rpt_tracked.trxyt,2555,0
20220217_h2b halo_cel8_no_ir.rpt_tracked.trxyt,362,0
20220301_H2B Halo_Field10_no_ir.rpt_tracked.trxyt,5,0
20220217_h2b halo_cel8_no_ir.rpt_tracked.trxyt,176,0
20220217_h2b halo_cel8_no_ir.rpt_tracked.trxyt,162,0
20220217_h2b halo_cel8_no_ir.rpt_tracked.trxyt,837,0
20220217_h2b halo_cel8_no_ir.rpt_tracked.trxyt,348,0
20220217_h2b halo_cel8_no_ir.rpt_tracked.trxyt,412,0
20220301_H2B Halo_Field13_no_ir.mldatx_tracked.trxyt,1603,0
20220301_H2B Halo_Field7_no_ir.mldatx_tracked copy.trxyt,1327,0
20220301_H2B Halo_Field13_no_ir.mldatx_tracked.trxyt,2108,0
20220217_h2b halo_cell1_no_ir.rpt_tracked.trxyt,2812,0
20220217_h2b halo_cell1_no_ir.rpt_tracked.trxyt,2806,0
20220301_H2B Halo_Field13_no_ir.mldatx_tracked.trxyt,55,0
20220301_H2B Halo_Field10_no_ir.rpt_tracked.trxyt,2658,0
20220217_h2b halo_cel8_no_ir.rpt_tracked.trxyt,598,0
20220217_h2b halo_cel8_no_ir.rpt_tracked.trxyt,573,0
20220301_H2B Halo_Field5_no ir.mldatx_tracked.trxyt,1033,0
20220301_H2B Halo_Field4_no _ir.rpt_tracked.trxyt,1306,0
20220217_h2b halo_cell1_no_ir.rpt_tracked.trxyt,2581,0
20220217_h2b halo_cell1_no_ir.rpt_tracked.trxyt,2556,0
20220217_h2b halo_cel8_no_ir.rpt_tracked.trxyt,407,0
20220301_H2B Halo_Field4_no _ir.rpt_tracked.trxyt,1272,0
20220301_H2B Halo_Field13_no_ir.mldatx_tracked.trxyt,2041,0
20220301_H2B Halo_Field10_no_ir.rpt_tracked.trxyt,2,0
20220301_H2B Halo_Field6_no_ir.rpt_tracked.trxyt,296,0
20220217_h2b halo_cel8_no_ir.rpt_tracked.trxyt,371,0
20220217_h2b halo_cel8_no_ir.rpt_tracked.trxyt,365,0
20220217_h2b halo_cell1_no_ir.rpt_tracked.trxyt,2208,0
20220217_h2b halo_cell1_no_ir.rpt_tracked.trxyt,1932,0
20220217_h2b halo_cell1_no_ir.rpt_tracked.trxyt,1891,0
20220301_H2B Halo_Field13_no_ir.mldatx_tracked.trxyt,2871,0
20220217_h2b halo_cel8_no_ir.rpt_tracked.trxyt,984,0
20220301_H2B Halo_Field13_no_ir.mldatx_tracked.trxyt,4555,0
20220301_H2B Halo_Field10_no_ir.rpt_tracked.trxyt,2502,0
20220217_h2b halo_cell1_no_ir.rpt_tracked.trxyt,1927,0
20220217_h2b halo_cell1_no_ir.rpt_tracked.trxyt,2584,0
20220217_h2b halo_cel8_no_ir.rpt_tracked.trxyt,199,0
20220217_h2b halo_cell1_no_ir.rpt_tracked.trxyt,2976,0
20220217_h2b halo_cel8_no_ir.rpt_tracked.trxyt,602,0
20220217_h2b halo_cell6_no_ir003.rpt_tracked.trxyt,2077,0
20220217_h2b halo_cell1_no_ir.rpt_tracked.trxyt,2784,0
20220217_h2b halo_cel8_no_ir.rpt_tracked.trxyt,212,0
20220217_h2b halo_cel8_no_ir.rpt_tracked.trxyt,206,0
20220217_h2b halo_cell1_no_ir.rpt_tracked.trxyt,2633,0
20220217_h2b halo_cel8_no_ir.rpt_tracked.trxyt,992,0
20220301_H2B Halo_Field10_no_ir.rpt_tracked.trxyt,394,0
20220301_H2B Halo_Field10_no_ir.rpt_tracked.trxyt,2662,0
20220217_h2b halo_cel8_no_ir.rpt_tracked.trxyt,788,0
20220217_h2b halo_cell1_no_ir.rpt_tracked.trxyt,2183,0
20220301_H2B Halo_Field10_no_ir.rpt_tracked.trxyt,42,0
20220217_h2b halo_cel8_no_ir.rpt_tracked.trxyt,561,0
20220301_H2B Halo_Field2_no_ir.rpt_tracked.trxyt,4166,0
20220217_h2b halo_cell1_no_ir.rpt_tracked.trxyt,2593,0
20220217_h2b halo_cell1_no_ir.rpt_tracked.trxyt,2236,0
20220217_h2b halo_cell5_no_ir.rpt_tracked.trxyt,2253,0
20220217_h2b halo_cel8_no_ir.rpt_tracked.trxyt,1288,0
20220217_h2b halo_cell1_no_ir.rpt_tracked.trxyt,1943,0
20220217_h2b halo_cell1_no_ir.rpt_tracked.trxyt,2286,0
20220217_h2b halo_cel8_no_ir.rpt_tracked.trxyt,248,0
20220217_h2b halo_cel8_no_ir.rpt_tracked.trxyt,1303,0
20220217_h2b halo_cel8_no_ir.rpt_tracked.trxyt,506,0
20220217_h2b halo_cel8_no_ir.rpt_tracked.trxyt,710,0
20220217_h2b halo_cell1_no_ir.rpt_tracked.trxyt,2456,0
20220217_h2b halo_cel8_no_ir.rpt_tracked.trxyt,507,0
20220217_h2b halo_cel8_no_ir.rpt_tracked.trxyt,261,0
20220217_h2b halo_cel8_no_ir.rpt_tracked.trxyt,275,0
20220217_h2b halo_cell1_no_ir.rpt_tracked.trxyt,2442,0
20220217_h2b halo_cel8_no_ir.rpt_tracked.trxyt,1262,0
20220217_h2b halo_cell5_no_ir.rpt_tracked.trxyt,1559,0
20220301_H2B Halo_Field13_no_ir.mldatx_tracked.trxyt,2237,0
20220217_h2b halo_cel8_no_ir.rpt_tracked.trxyt,856,0
20220217_h2b halo_cell1_no_ir.rpt_tracked.trxyt,2734,0
20220217_h2b halo_cel8_no_ir.rpt_tracked.trxyt,1048,0
20220217_h2b halo_cel8_no_ir.rpt_tracked.trxyt,854,0
20220301_H2B Halo_Field10_no_ir.rpt_tracked.trxyt,2029,0
20220217_h2b halo_cell1_no_ir.rpt_tracked.trxyt,2508,0
20220217_h2b halo_cel8_no_ir.rpt_tracked.trxyt,317,0
20220217_h2b halo_cell1_no_ir.rpt_tracked.trxyt,2326,0
20220217_h2b halo_cell1_no_ir.rpt_tracked.trxyt,2642,0
20220301_H2B Halo_Field13_no_ir.mldatx_tracked.trxyt,4283,0
20220301_H2B Halo_Field10_no_ir.rpt_tracked.trxyt,2606,0
20220301_H2B Halo_Field9_no_ir.mldatx_tracked.trxyt,18,0
20220217_h2b halo_cel8_no_ir.rpt_tracked.trxyt,262,0
20220217_h2b halo_cell1_no_ir.rpt_tracked.trxyt,2455,0
20220301_H2B Halo_Field13_no_ir.mldatx_tracked.trxyt,1932,0
20220217_h2b halo_cel8_no_ir.rpt_tracked.trxyt,458,0
20220217_h2b halo_cell1_no_ir.rpt_tracked.trxyt,2737,0
20220217_h2b halo_cel8_no_ir.rpt_tracked.trxyt,672,0
20220217_h2b halo_cell1_no_ir.rpt_tracked.trxyt,2733,0
20220217_h2b halo_cel8_no_ir.rpt_tracked.trxyt,851,0
20220217_h2b halo_cell2_no_ir.rpt_tracked.trxyt,2193,0
20220301_H2B Halo_Field11_no_Ir.rpt_tracked.trxyt,96,0
20220217_h2b halo_cell1_no_ir.rpt_tracked.trxyt,2451,0
20220217_h2b halo_cell1_no_ir.rpt_tracked.trxyt,2479,0
20220301_H2B Halo_Field10_no_ir.rpt_tracked.trxyt,2428,0
20220217_h2b halo_cel8_no_ir.rpt_tracked.trxyt,1107,0
20220217_h2b halo_cel8_no_ir.rpt_tracked.trxyt,267,0
20220217_h2b halo_cell1_no_ir.rpt_tracked.trxyt,2281,0
20220217_h2b halo_cell1_no_ir.rpt_tracked.trxyt,2518,0
20220217_h2b halo_cel8_no_ir.rpt_tracked.trxyt,1264,0
20220217_h2b halo_cell1_no_ir.rpt_tracked.trxyt,2242,0
20220217_h2b halo_cel8_no_ir.rpt_tracked.trxyt,878,0
20220217_h2b halo_cell5_no_ir.rpt_tracked.trxyt,587,0
20220217_h2b halo_cel8_no_ir.rpt_tracked.trxyt,887,0
20220217_h2b halo_cel8_no_ir.rpt_tracked.trxyt,105,0
20220217_h2b halo_cel8_no_ir.rpt_tracked.trxyt,1066,0
20220217_h2b halo_cel8_no_ir.rpt_tracked.trxyt,675,0
20220217_h2b halo_cel8_no_ir.rpt_tracked.trxyt,1064,0
20220301_H2B Halo_Field13_no_ir.mldatx_tracked.trxyt,927,0
20220217_h2b halo_cel8_no_ir.rpt_tracked.trxyt,1272,0
20220301_H2B Halo_Field13_no_ir.mldatx_tracked.trxyt,1048,0
20220217_h2b halo_cel8_no_ir.rpt_tracked.trxyt,271,0
20220217_h2b halo_cel8_no_ir.rpt_tracked.trxyt,1312,0
20220217_h2b halo_cel8_no_ir.rpt_tracked.trxyt,265,0
20220301_H2B Halo_Field13_no_ir.mldatx_tracked.trxyt,3924,0
20220217_h2b halo_cell1_no_ir.rpt_tracked.trxyt,2491,0
20220301_H2B Halo_Field13_no_ir.mldatx_tracked.trxyt,4939,0
20220217_h2b halo_cel8_no_ir.rpt_tracked.trxyt,715,0
20220217_h2b halo_cell1_no_ir.rpt_tracked.trxyt,2687,0
20220301_H2B Halo_Field10_no_ir.rpt_tracked.trxyt,2629,0
20220217_h2b halo_cel8_no_ir.rpt_tracked.trxyt,48,0
20220217_h2b halo_cell1_no_ir.rpt_tracked.trxyt,2309,0
20220217_h2b halo_cel8_no_ir.rpt_tracked.trxyt,502,0
20220217_h2b halo_cel8_no_ir.rpt_tracked.trxyt,516,0
20220217_h2b halo_cell1_no_ir.rpt_tracked.trxyt,2447,0
20220301_H2B Halo_Field13_no_ir.mldatx_tracked.trxyt,2971,0
20220301_H2B Halo_Field13_no_ir.mldatx_tracked.trxyt,2795,0
20220217_h2b halo_cel8_no_ir.rpt_tracked.trxyt,1059,0
20220217_h2b halo_cell2_no_ir.rpt_tracked.trxyt,1856,0
20220217_h2b halo_cel8_no_ir.rpt_tracked.trxyt,660,0
20220217_h2b halo_cel8_no_ir.rpt_tracked.trxyt,679,0
20220217_h2b halo_cel8_no_ir.rpt_tracked.trxyt,309,0
20220301_H2B Halo_Field13_no_ir.mldatx_tracked.trxyt,5578,0
20220217_h2b halo_cell1_no_ir.rpt_tracked.trxyt,2462,0
20220217_h2b halo_cell1_no_ir.rpt_tracked.trxyt,2648,0
20220301_H2B Halo_Field9_no_ir.mldatx_tracked.trxyt,13,0
20220301_H2B Halo_Field5_no ir.mldatx_tracked.trxyt,983,0
20220217_h2b halo_cel8_no_ir.rpt_tracked.trxyt,526,0
20220217_h2b halo_cel8_no_ir.rpt_tracked.trxyt,1337,0
20220217_h2b halo_cel8_no_ir.rpt_tracked.trxyt,254,0
20220217_h2b halo_cel8_no_ir.rpt_tracked.trxyt,1082,0
20220217_h2b halo_cell10_no_ir.rpt_tracked.trxyt,2515,0
20220217_h2b halo_cel8_no_ir.rpt_tracked.trxyt,136,0
20220217_h2b halo_cel8_no_ir.rpt_tracked.trxyt,1069,0
20220217_h2b halo_cel8_no_ir.rpt_tracked.trxyt,108,0
20220217_h2b halo_cel8_no_ir.rpt_tracked.trxyt,652,0
20220217_h2b halo_cel8_no_ir.rpt_tracked.trxyt,861,0
20220301_H2B Halo_Field13_no_ir.mldatx_tracked.trxyt,3650,0
20220217_h2b halo_cell5_no_ir.rpt_tracked.trxyt,2701,0
20220217_h2b halo_cell1_no_ir.rpt_tracked.trxyt,2273,0
20220217_h2b halo_cel8_no_ir.rpt_tracked.trxyt,1282,0
20220217_h2b halo_cel8_no_ir.rpt_tracked.trxyt,524,0
20220217_h2b halo_cel8_no_ir.rpt_tracked.trxyt,91,0
20220217_h2b halo_cel8_no_ir.rpt_tracked.trxyt,46,0
20220301_H2B Halo_Field13_no_ir.mldatx_tracked.trxyt,690,0
20220217_h2b halo_cell1_no_ir.rpt_tracked.trxyt,2663,0
20220217_h2b halo_cel8_no_ir.rpt_tracked.trxyt,727,0
20220217_h2b halo_cell5_no_ir.rpt_tracked.trxyt,3032,0
20220217_h2b halo_cell1_no_ir.rpt_tracked.trxyt,2474,0
20220301_H2B Halo_Field13_no_ir.mldatx_tracked.trxyt,2375,0
20220217_h2b halo_cel8_no_ir.rpt_tracked.trxyt,519,0
20220301_H2B Halo_Field10_no_ir.rpt_tracked.trxyt,2551,0
20220217_h2b halo_cel8_no_ir.rpt_tracked.trxyt,445,0
20220217_h2b halo_cell1_no_ir.rpt_tracked.trxyt,2266,0
20220217_h2b halo_cel8_no_ir.rpt_tracked.trxyt,451,0
20220217_h2b halo_cel8_no_ir.rpt_tracked.trxyt,1095,0
20220217_h2b halo_cel8_no_ir.rpt_tracked.trxyt,690,0
20220217_h2b halo_cel8_no_ir.rpt_tracked.trxyt,1056,0
20220217_h2b halo_cel8_no_ir.rpt_tracked.trxyt,657,0
20220217_h2b halo_cell1_no_ir.rpt_tracked.trxyt,2048,0
20220217_h2b halo_cel8_no_ir.rpt_tracked.trxyt,441,0
20220217_h2b halo_cell1_no_ir.rpt_tracked.trxyt,2510,0
20220217_h2b halo_cel8_no_ir.rpt_tracked.trxyt,247,0
20220217_h2b halo_cel8_no_ir.rpt_tracked.trxyt,1324,0
20220301_H2B Halo_Field13_no_ir.mldatx_tracked.trxyt,1650,0
20220301_H2B Halo_Field13_no_ir.mldatx_tracked.trxyt,3251,0
20220301_H2B Halo_Field10_no_ir.rpt_tracked.trxyt,1316,0
20220217_h2b halo_cel8_no_ir.rpt_tracked.trxyt,939,0
20220217_h2b halo_cel8_no_ir.rpt_tracked.trxyt,252,0
20220217_h2b halo_cel8_no_ir.rpt_tracked.trxyt,1286,0
20220217_h2b halo_cell1_no_ir.rpt_tracked.trxyt,2539,0
20220217_h2b halo_cel8_no_ir.rpt_tracked.trxyt,468,0
20220301_H2B Halo_Field13_no_ir.mldatx_tracked.trxyt,1731,0
20220217_h2b halo_cell1_no_ir.rpt_tracked.trxyt,2511,0
20220217_h2b halo_cel8_no_ir.rpt_tracked.trxyt,440,0
20220217_h2b halo_cel8_no_ir.rpt_tracked.trxyt,681,0
20220217_h2b halo_cel8_no_ir.rpt_tracked.trxyt,118,0
20220301_H2B Halo_Field13_no_ir.mldatx_tracked.trxyt,2760,0
20220217_h2b halo_cell1_no_ir.rpt_tracked.trxyt,2261,0
20220217_h2b halo_cel8_no_ir.rpt_tracked.trxyt,1284,0
20220217_h2b halo_cell1_no_ir.rpt_tracked.trxyt,2301,0
20220301_H2B Halo_Field10_no_ir.rpt_tracked.trxyt,2378,0
20220217_h2b halo_cel8_no_ir.rpt_tracked.trxyt,287,0
20220217_h2b halo_cell3_no_ir.rpt_tracked.trxyt,529,0
20220301_H2B Halo_Field8_no_ir.rpt_tracked.trxyt,1133,0
20220301_H2B Halo_Field13_no_ir.mldatx_tracked.trxyt,5193,0
20220301_H2B Halo_Field10_no_ir.rpt_tracked.trxyt,2621,0
20220301_H2B Halo_Field7_no_ir.mldatx_tracked copy.trxyt,404,0
20220217_h2b halo_cell1_no_ir.rpt_tracked.trxyt,2472,0
20220217_h2b halo_cell1_no_ir.rpt_tracked.trxyt,2512,0
20220301_H2B Halo_Field1_no_IR.rpt_tracked copy.trxyt,1421,0
20220301_H2B Halo_Field14_noo_ir.rpt_tracked.trxyt,1938,0
20220217_h2b halo_cel8_no_ir.rpt_tracked.trxyt,1078,0
20220217_h2b halo_cel8_no_ir.rpt_tracked.trxyt,183,0
20220217_h2b halo_cell1_no_ir.rpt_tracked.trxyt,2207,0
20220301_H2B Halo_Field10_no_ir.rpt_tracked.trxyt,2524,0
20220217_h2b halo_cel8_no_ir.rpt_tracked.trxyt,550,0
20220217_h2b halo_cel8_no_ir.rpt_tracked.trxyt,3230,0
20220301_H2B Halo_Field13_no_ir.mldatx_tracked.trxyt,4567,0
20220301_H2B Halo_Field2_no_ir.rpt_tracked.trxyt,4221,0
20220217_h2b halo_cel8_no_ir.rpt_tracked.trxyt,784,0
20220217_h2b halo_cel8_no_ir.rpt_tracked.trxyt,1156,0
20220301_H2B Halo_Field11_no_Ir.rpt_tracked.trxyt,635,0
20220217_h2b halo_cel8_no_ir.rpt_tracked.trxyt,357,0
20220217_h2b halo_cell1_no_ir.rpt_tracked.trxyt,2212,0
20220217_h2b halo_cel8_no_ir.rpt_tracked.trxyt,1234,0
20220301_H2B Halo_Field9_no_ir.mldatx_tracked.trxyt,1140,0
20220217_h2b halo_cel8_no_ir.rpt_tracked.trxyt,157,0
20220217_h2b halo_cel8_no_ir.rpt_tracked.trxyt,433,0
20220217_h2b halo_cel8_no_ir.rpt_tracked.trxyt,1236,0
20220301_H2B Halo_Field13_no_ir.mldatx_tracked.trxyt,2317,0
20220217_h2b halo_cel8_no_ir.rpt_tracked.trxyt,553,0
20220217_h2b halo_cel8_no_ir.rpt_tracked.trxyt,590,0
20220217_h2b halo_cell1_no_ir.rpt_tracked.trxyt,2628,0
20220301_H2B Halo_Field13_no_ir.mldatx_tracked.trxyt,2129,0
20220217_h2b halo_cell1_no_ir.rpt_tracked.trxyt,2614,0
20220217_h2b halo_cell1_no_ir.rpt_tracked.trxyt,2827,0
20220217_h2b halo_cel8_no_ir.rpt_tracked.trxyt,1197,0
20220217_h2b halo_cel8_no_ir.rpt_tracked.trxyt,792,0
20220217_h2b halo_cell1_no_ir.rpt_tracked.trxyt,2173,0
20220217_h2b halo_cell1_no_ir.rpt_tracked.trxyt,2615,0
20220217_h2b halo_cel8_no_ir.rpt_tracked.trxyt,181,0
20220217_h2b halo_cel8_no_ir.rpt_tracked.trxyt,624,0
20220217_h2b halo_cel8_no_ir.rpt_tracked.trxyt,142,0
20220217_h2b halo_cel8_no_ir.rpt_tracked.trxyt,608,0
20220217_h2b halo_cell10_no_ir.rpt_tracked.trxyt,141,0
20220217_h2b halo_cel8_no_ir.rpt_tracked.trxyt,1227,0
20220217_h2b halo_cell1_no_ir.rpt_tracked.trxyt,2215,0
20220301_H2B Halo_Field7_no_ir.mldatx_tracked copy.trxyt,2024,0
20220217_h2b halo_cel8_no_ir.rpt_tracked.trxyt,224,0
20220217_h2b halo_cel8_no_ir.rpt_tracked.trxyt,218,0
20220217_h2b halo_cell1_no_ir.rpt_tracked.trxyt,2349,0
20220217_h2b halo_cell5_no_ir.rpt_tracked.trxyt,2808,0
20220217_h2b halo_cel8_no_ir.rpt_tracked.trxyt,1384,0
20220217_h2b halo_cel8_no_ir.rpt_tracked.trxyt,1179,0
20220217_h2b halo_cell5_no_ir.rpt_tracked.trxyt,1870,0
20220217_h2b halo_cel8_no_ir.rpt_tracked.trxyt,769,0
20220217_h2b halo_cel8_no_ir.rpt_tracked.trxyt,1150,0
20220217_h2b halo_cell1_no_ir.rpt_tracked.trxyt,2176,0
20220301_H2B Halo_Field13_no_ir.mldatx_tracked.trxyt,436,0
20220217_h2b halo_cel8_no_ir.rpt_tracked.trxyt,543,0
20220217_h2b halo_cell1_no_ir.rpt_tracked.trxyt,2228,0
20220217_h2b halo_cel8_no_ir.rpt_tracked.trxyt,351,0
20220217_h2b halo_cel8_no_ir.rpt_tracked.trxyt,1226,0
20220217_h2b halo_cel8_no_ir.rpt_tracked.trxyt,190,0
20220301_H2B Halo_Field1_no_IR.rpt_tracked copy.trxyt,1482,0
20220217_h2b halo_cel8_no_ir.rpt_tracked.trxyt,1032,0
20220217_h2b halo_cell2_no_ir.rpt_tracked.trxyt,1168,0
20220217_h2b halo_cel8_no_ir.rpt_tracked.trxyt,192,0
20220217_h2b halo_cell1_no_ir.rpt_tracked.trxyt,2564,0
20220217_h2b halo_cel8_no_ir.rpt_tracked.trxyt,353,0
20220301_H2B Halo_Field13_no_ir.mldatx_tracked.trxyt,3,0
20220301_H2B Halo_Field9_no_ir.mldatx_tracked.trxyt,1434,0
20220217_h2b halo_cel8_no_ir.rpt_tracked.trxyt,233,0
20220217_h2b halo_cel8_no_ir.rpt_tracked.trxyt,555,0
20220217_h2b halo_cel8_no_ir.rpt_tracked.trxyt,582,0
20220217_h2b halo_cel8_no_ir.rpt_tracked.trxyt,1146,0
20220217_h2b halo_cel8_no_ir.rpt_tracked.trxyt,794,0
20220301_H2B Halo_Field7_no_ir.mldatx_tracked copy.trxyt,1880,0
20220301_H2B Halo_Field7_no_ir.mldatx_tracked copy.trxyt,2351,0
20220301_H2B Halo_Field7_no_ir.mldatx_tracked copy.trxyt,301,0
20220217_h2b halo_cell1_no_ir.rpt_tracked.trxyt,1939,0
20220217_h2b halo_cell1_no_ir.rpt_tracked.trxyt,2571,0
20220217_h2b halo_cel8_no_ir.rpt_tracked.trxyt,187,0
20220217_h2b halo_cel8_no_ir.rpt_tracked.trxyt,636,0
20220217_h2b halo_cell1_no_ir.rpt_tracked.trxyt,2767,0
20220217_h2b halo_cel8_no_ir.rpt_tracked.trxyt,144,0
20220301_H2B Halo_Field10_no_ir.rpt_tracked.trxyt,4,1
20220301_H2B Halo_Field14_noo_ir.rpt_tracked.trxyt,13,1
20220301_H2B Halo_Field2_no_ir.rpt_tracked.trxyt,139,1
20220301_H2B Halo_Field8_no_ir.rpt_tracked.trxyt,1558,1
20220217_h2b halo_cel8_no_ir.rpt_tracked.trxyt,2899,1
20220301_H2B Halo_Field7_no_ir.mldatx_tracked copy.trxyt,1324,1
20220301_H2B Halo_Field14_noo_ir.rpt_tracked.trxyt,903,1
20220301_H2B Halo_Field6_no_ir.rpt_tracked.trxyt,482,1
20220301_H2B Halo_Field2_no_ir.rpt_tracked.trxyt,5,1
20220301_H2B Halo_Field13_no_ir.mldatx_tracked.trxyt,43,1
20220301_H2B Halo_Field2_no_ir.rpt_tracked.trxyt,3234,1
20220301_H2B Halo_Field7_no_ir.mldatx_tracked.trxyt,21,1
20220217_h2b halo_cel8_no_ir.rpt_tracked.trxyt,3589,1
20220217_h2b halo_cell6_no_ir003.rpt_tracked.trxyt,719,1
20220301_H2B Halo_Field10_no_ir.rpt_tracked.trxyt,1804,1
20220301_H2B Halo_Field13_no_ir.mldatx_tracked.trxyt,1173,1
20220301_H2B Halo_Field6_no_ir.rpt_tracked.trxyt,1541,1
20220217_h2b halo_cell3_no_ir.rpt_tracked.trxyt,2365,1
20220301_H2B Halo_Field13_no_ir.mldatx_tracked.trxyt,3348,1
20220301_H2B Halo_Field13_no_ir.mldatx_tracked.trxyt,1563,1
20220301_H2B Halo_Field13_no_ir.mldatx_tracked.trxyt,1575,1
20220217_h2b halo_cel8_no_ir.rpt_tracked.trxyt,4186,1
20220217_h2b halo_cel8_no_ir.rpt_tracked.trxyt,4192,1
20220217_h2b halo_cell10_no_ir.rpt_tracked.trxyt,603,1
20220301_H2B Halo_Field13_no_ir.mldatx_tracked.trxyt,598,1
20220301_H2B Halo_Field13_no_ir.mldatx_tracked.trxyt,4627,1
20220217_h2b halo_cel8_no_ir.rpt_tracked.trxyt,4227,1
20220301_H2B Halo_Field7_no_ir.mldatx_tracked copy.trxyt,1333,1
20220301_H2B Halo_Field14_noo_ir.rpt_tracked.trxyt,928,1
20220301_H2B Halo_Field13_no_ir.mldatx_tracked.trxyt,4592,1
20220217_h2b halo_cell1_no_ir.rpt_tracked.trxyt,2185,1
20220301_H2B Halo_Field2_no_ir.rpt_tracked.trxyt,2459,1
20220301_H2B Halo_Field13_no_ir.mldatx_tracked.trxyt,4034,1
20220217_h2b halo_cel8_no_ir.rpt_tracked.trxyt,3549,1
20220217_h2b halo_cell5_no_ir.rpt_tracked.trxyt,1471,1
20220301_H2B Halo_Field13_no_ir.mldatx_tracked.trxyt,1164,1
20220301_H2B Halo_Field13_no_ir.mldatx_tracked.trxyt,4815,1
20220301_H2B Halo_Field4_no _ir.rpt_tracked.trxyt,798,1
20220301_H2B Halo_Field14_noo_ir.rpt_tracked.trxyt,2252,1
20220301_H2B Halo_Field14_noo_ir.rpt_tracked.trxyt,2524,1
20220301_H2B Halo_Field13_no_ir.mldatx_tracked.trxyt,947,1
20220301_H2B Halo_Field6_no_ir.rpt_tracked.trxyt,527,1
20220217_h2b halo_cel8_no_ir.rpt_tracked.trxyt,2243,1
20220301_H2B Halo_Field9_no_ir.mldatx_tracked.trxyt,2321,1
20220217_h2b halo_cel9_no_ir.rpt_tracked.trxyt,178,1
20220301_H2B Halo_Field2_no_ir.rpt_tracked.trxyt,2703,1
20220217_h2b halo_cell1_no_ir.rpt_tracked.trxyt,2234,1
20220301_H2B Halo_Field5_no ir.mldatx_tracked.trxyt,2310,1
20220301_H2B Halo_Field13_no_ir.mldatx_tracked.trxyt,576,1
20220301_H2B Halo_Field13_no_ir.mldatx_tracked.trxyt,9,1
20220301_H2B Halo_Field1_no_IR.rpt_tracked copy.trxyt,2356,1
20220217_h2b halo_cell10_no_ir.rpt_tracked.trxyt,202,1
20220301_H2B Halo_Field14_noo_ir.rpt_tracked.trxyt,2336,1
20220301_H2B Halo_Field2_no_ir.rpt_tracked.trxyt,4206,1
20220217_h2b halo_cell10_no_ir.rpt_tracked.trxyt,2357,1
20220301_H2B Halo_Field5_no ir.mldatx_tracked.trxyt,2067,1
20220301_H2B Halo_Field13_no_ir.mldatx_tracked.trxyt,1405,1
20220301_H2B Halo_Field9_no_ir.mldatx_tracked.trxyt,131,1
20220301_H2B Halo_Field13_no_ir.mldatx_tracked.trxyt,4227,1
20220301_H2B Halo_Field13_no_ir.mldatx_tracked.trxyt,1613,1
20220217_h2b halo_cel8_no_ir.rpt_tracked.trxyt,2108,1
20220217_h2b halo_cell10_no_ir.rpt_tracked.trxyt,4322,1
20220301_H2B Halo_Field2_no_ir.rpt_tracked.trxyt,2272,1
20220301_H2B Halo_Field14_noo_ir.rpt_tracked.trxyt,469,1
20220217_h2b halo_cell5_no_ir.rpt_tracked.trxyt,719,1
20220301_H2B Halo_Field7_no_ir.mldatx_tracked copy.trxyt,296,1
20220301_H2B Halo_Field6_no_ir.rpt_tracked.trxyt,242,1
20220301_H2B Halo_Field5_no ir.mldatx_tracked.trxyt,133,1
20220301_H2B Halo_Field11_no_Ir.rpt_tracked.trxyt,1258,1
20220301_H2B Halo_Field4_no _ir.rpt_tracked.trxyt,210,1
20220217_h2b halo_cel8_no_ir.rpt_tracked.trxyt,2320,1
20220301_H2B Halo_Field13_no_ir.mldatx_tracked.trxyt,165,1
20220217_h2b halo_cel8_no_ir.rpt_tracked.trxyt,2485,1
20220301_H2B Halo_Field2_no_ir.rpt_tracked.trxyt,4204,1
20220301_H2B Halo_Field13_no_ir.mldatx_tracked.trxyt,5660,1
20220301_H2B Halo_Field6_no_ir.rpt_tracked.trxyt,1418,1
20220301_H2B Halo_Field11_no_Ir.rpt_tracked.trxyt,573,1
20220301_H2B Halo_Field10_no_ir.rpt_tracked.trxyt,1593,1
20220217_h2b halo_cel8_no_ir.rpt_tracked.trxyt,1774,1
20220301_H2B Halo_Field9_no_ir.mldatx_tracked.trxyt,2486,1
20220301_H2B Halo_Field13_no_ir.mldatx_tracked.trxyt,3302,1
20220217_h2b halo_cell6_no_ir003.rpt_tracked.trxyt,1929,1
20220301_H2B Halo_Field9_no_ir.mldatx_tracked.trxyt,343,1
20220301_H2B Halo_Field7_no_ir.mldatx_tracked copy.trxyt,63,1
20220217_h2b halo_cel8_no_ir.rpt_tracked.trxyt,3500,1
20220301_H2B Halo_Field9_no_ir.mldatx_tracked.trxyt,1275,1
20220301_H2B Halo_Field13_no_ir.mldatx_tracked.trxyt,2182,1
20220301_H2B Halo_Field9_no_ir.mldatx_tracked.trxyt,1076,1
20220217_h2b halo_cell1_no_ir.rpt_tracked.trxyt,947,1
20220301_H2B Halo_Field13_no_ir.mldatx_tracked.trxyt,328,1
20220301_H2B Halo_Field7_no_ir.mldatx_tracked copy.trxyt,62,1
20220217_h2b halo_cell2_no_ir.rpt_tracked.trxyt,2625,1
20220301_H2B Halo_Field10_no_ir.rpt_tracked.trxyt,708,1
20220217_h2b halo_cel8_no_ir.rpt_tracked.trxyt,4440,1
20220301_H2B Halo_Field13_no_ir.mldatx_tracked.trxyt,1070,1
20220217_h2b halo_cell3_no_ir.rpt_tracked.trxyt,849,1
20220217_h2b halo_cell5_no_ir.rpt_tracked.trxyt,1798,1
20220301_H2B Halo_Field14_noo_ir.rpt_tracked.trxyt,1739,1
20220301_H2B Halo_Field7_no_ir.mldatx_tracked copy.trxyt,1998,1
20220301_H2B Halo_Field14_noo_ir.rpt_tracked.trxyt,2026,1
20220301_H2B Halo_Field13_no_ir.mldatx_tracked.trxyt,5566,1
20220301_H2B Halo_Field11_no_Ir.rpt_tracked.trxyt,93,1
20220301_H2B Halo_Field5_no ir.mldatx_tracked.trxyt,2216,1
20220217_h2b halo_cell3_no_ir.rpt_tracked.trxyt,917,1
20220217_h2b halo_cell10_no_ir.rpt_tracked.trxyt,1605,1
20220301_H2B Halo_Field2_no_ir.rpt_tracked.trxyt,2189,1
20220301_H2B Halo_Field13_no_ir.mldatx_tracked.trxyt,4902,1
20220301_H2B Halo_Field13_no_ir.mldatx_tracked.trxyt,2354,1
20220217_h2b halo_cel9_no_ir.rpt_tracked.trxyt,1540,1
20220217_h2b halo_cell3_no_ir.rpt_tracked.trxyt,490,1
20220217_h2b halo_cell10_no_ir.rpt_tracked.trxyt,1760,1
20220301_H2B Halo_Field2_no_ir.rpt_tracked.trxyt,3898,1
20220301_H2B Halo_Field2_no_ir.rpt_tracked.trxyt,2364,1
20220301_H2B Halo_Field13_no_ir.mldatx_tracked.trxyt,4286,1
20220217_h2b halo_cell10_no_ir.rpt_tracked.trxyt,3771,1
20220301_H2B Halo_Field1_no_IR.rpt_tracked copy.trxyt,344,1
20220301_H2B Halo_Field2_no_ir.rpt_tracked.trxyt,1447,1
20220301_H2B Halo_Field9_no_ir.mldatx_tracked.trxyt,185,1
20220301_H2B Halo_Field9_no_ir.mldatx_tracked.trxyt,21,1
20220301_H2B Halo_Field13_no_ir.mldatx_tracked.trxyt,32,1
20220301_H2B Halo_Field13_no_ir.mldatx_tracked.trxyt,662,1
20220301_H2B Halo_Field13_no_ir.mldatx_tracked.trxyt,2153,1
20220217_h2b halo_cell2_no_ir.rpt_tracked.trxyt,2637,1
20220217_h2b halo_cell6_no_ir003.rpt_tracked.trxyt,422,1
20220301_H2B Halo_Field13_no_ir.mldatx_tracked.trxyt,4442,1
20220301_H2B Halo_Field4_no _ir.rpt_tracked.trxyt,1980,1
20220301_H2B Halo_Field13_no_ir.mldatx_tracked.trxyt,2025,1
20220217_h2b halo_cell5_no_ir.rpt_tracked.trxyt,28,1
20220301_H2B Halo_Field13_no_ir.mldatx_tracked.trxyt,1706,1
20220217_h2b halo_cell1_no_ir.rpt_tracked.trxyt,1007,1
20220301_H2B Halo_Field5_no ir.mldatx_tracked.trxyt,1057,1
20220301_H2B Halo_Field14_noo_ir.rpt_tracked.trxyt,1461,1
20220217_h2b halo_cel8_no_ir.rpt_tracked.trxyt,5148,1
20220301_H2B Halo_Field7_no_ir.mldatx_tracked copy.trxyt,2139,1
20220217_h2b halo_cell6_no_ir003.rpt_tracked.trxyt,226,1
20220301_H2B Halo_Field13_no_ir.mldatx_tracked.trxyt,18,1
20220301_H2B Halo_Field5_no ir.mldatx_tracked.trxyt,2,1
20220301_H2B Halo_Field13_no_ir.mldatx_tracked.trxyt,3528,1
20220217_h2b halo_cell5_no_ir.rpt_tracked.trxyt,2445,1
20220217_h2b halo_cell6_no_ir003.rpt_tracked.trxyt,1681,1
20220217_h2b halo_cell5_no_ir.rpt_tracked.trxyt,3203,1
20220301_H2B Halo_Field5_no ir.mldatx_tracked.trxyt,1644,1
20220301_H2B Halo_Field2_no_ir.rpt_tracked.trxyt,1096,1
20220301_H2B Halo_Field1_no_IR.rpt_tracked copy.trxyt,540,1
20220301_H2B Halo_Field2_no_ir.rpt_tracked.trxyt,2986,1
20220217_h2b halo_cell1_no_ir.rpt_tracked.trxyt,836,1
20220301_H2B Halo_Field13_no_ir.mldatx_tracked.trxyt,2029,1
20220301_H2B Halo_Field13_no_ir.mldatx_tracked.trxyt,1246,1
20220301_H2B Halo_Field11_no_Ir.rpt_tracked.trxyt,247,1
20220217_h2b halo_cel8_no_ir.rpt_tracked.trxyt,3125,1
20220217_h2b halo_cel8_no_ir.rpt_tracked.trxyt,2549,1
20220217_h2b halo_cel8_no_ir.rpt_tracked.trxyt,3864,1
20220301_H2B Halo_Field5_no ir.mldatx_tracked.trxyt,404,1
20220217_h2b halo_cell1_no_ir.rpt_tracked.trxyt,378,1
20220301_H2B Halo_Field14_noo_ir.rpt_tracked.trxyt,1445,1
20220301_H2B Halo_Field2_no_ir.rpt_tracked.trxyt,219,1
20220301_H2B Halo_Field2_no_ir.rpt_tracked.trxyt,2155,1
20220217_h2b halo_cell5_no_ir.rpt_tracked.trxyt,1814,1
20220301_H2B Halo_Field13_no_ir.mldatx_tracked.trxyt,4288,1
20220217_h2b halo_cell6_no_ir003.rpt_tracked.trxyt,2179,1
20220301_H2B Halo_Field13_no_ir.mldatx_tracked.trxyt,453,1
20220301_H2B Halo_Field13_no_ir.mldatx_tracked.trxyt,3083,1
20220301_H2B Halo_Field5_no ir.mldatx_tracked.trxyt,2209,1
20220217_h2b halo_cell6_no_ir003.rpt_tracked.trxyt,3065,1
20220301_H2B Halo_Field9_no_ir.mldatx_tracked.trxyt,2628,1
20220301_H2B Halo_Field2_no_ir.rpt_tracked.trxyt,387,1
20220301_H2B Halo_Field14_noo_ir.rpt_tracked.trxyt,1097,1
20220301_H2B Halo_Field6_no_ir.rpt_tracked.trxyt,2591,1
20220301_H2B Halo_Field13_no_ir.mldatx_tracked.trxyt,2758,1
20220301_H2B Halo_Field13_no_ir.mldatx_tracked.trxyt,1906,1
20220217_h2b halo_cell6_no_ir003.rpt_tracked.trxyt,942,1
20220301_H2B Halo_Field14_noo_ir.rpt_tracked.trxyt,201,1
20220301_H2B Halo_Field13_no_ir.mldatx_tracked.trxyt,2604,1
20220301_H2B Halo_Field13_no_ir.mldatx_tracked.trxyt,17,1
20220301_H2B Halo_Field9_no_ir.mldatx_tracked.trxyt,10,1
20220301_H2B Halo_Field13_no_ir.mldatx_tracked.trxyt,646,1
20220301_H2B Halo_Field13_no_ir.mldatx_tracked.trxyt,16,1
20220301_H2B Halo_Field1_no_IR.rpt_tracked copy.trxyt,2066,1
20220217_h2b halo_cel8_no_ir.rpt_tracked.trxyt,3047,1
20220301_H2B Halo_Field13_no_ir.mldatx_tracked.trxyt,2639,1
20220301_H2B Halo_Field13_no_ir.mldatx_tracked.trxyt,1442,1
20220301_H2B Halo_Field14_noo_ir.rpt_tracked.trxyt,1453,1
20220301_H2B Halo_Field13_no_ir.mldatx_tracked.trxyt,3719,1
20220301_H2B Halo_Field2_no_ir.rpt_tracked.trxyt,36,1
20220217_h2b halo_cel9_no_ir.rpt_tracked.trxyt,1824,1
20220301_H2B Halo_Field1_no_IR.rpt_tracked copy.trxyt,2489,1
20220301_H2B Halo_Field2_no_ir.rpt_tracked.trxyt,2966,1
20220217_h2b halo_cel8_no_ir.rpt_tracked.trxyt,119,1
20220301_H2B Halo_Field13_no_ir.mldatx_tracked.trxyt,285,1
20220301_H2B Halo_Field13_no_ir.mldatx_tracked.trxyt,3899,1
20220301_H2B Halo_Field5_no ir.mldatx_tracked.trxyt,416,1
20220301_H2B Halo_Field10_no_ir.rpt_tracked.trxyt,2541,1
20220301_H2B Halo_Field13_no_ir.mldatx_tracked.trxyt,1081,1
20220217_h2b halo_cel9_no_ir.rpt_tracked.trxyt,1983,1
20220301_H2B Halo_Field13_no_ir.mldatx_tracked.trxyt,2365,1
20220301_H2B Halo_Field7_no_ir.mldatx_tracked copy.trxyt,78,1
20220301_H2B Halo_Field13_no_ir.mldatx_tracked.trxyt,2601,1
20220301_H2B Halo_Field13_no_ir.mldatx_tracked.trxyt,3292,1
20220301_H2B Halo_Field10_no_ir.rpt_tracked.trxyt,464,1
20220301_H2B Halo_Field9_no_ir.mldatx_tracked.trxyt,29,1
20220301_H2B Halo_Field11_no_Ir.rpt_tracked.trxyt,1191,1
20220217_h2b halo_cell6_no_ir003.rpt_tracked.trxyt,749,1
20220301_H2B Halo_Field13_no_ir.mldatx_tracked.trxyt,1651,1
20220301_H2B Halo_Field13_no_ir.mldatx_tracked.trxyt,1080,1
20220301_H2B Halo_Field10_no_ir.rpt_tracked.trxyt,1934,1
20220301_H2B Halo_Field5_no ir.mldatx_tracked.trxyt,1302,1
20220301_H2B Halo_Field14_noo_ir.rpt_tracked.trxyt,2203,1
20220217_h2b halo_cel8_no_ir.rpt_tracked.trxyt,4101,1
20220301_H2B Halo_Field4_no _ir.rpt_tracked.trxyt,2058,1
20220217_h2b halo_cell5_no_ir.rpt_tracked.trxyt,1232,1
20220301_H2B Halo_Field1_no_IR.rpt_tracked copy.trxyt,428,1
20220217_h2b halo_cell10_no_ir.rpt_tracked.trxyt,2316,1
20220301_H2B Halo_Field11_no_Ir.rpt_tracked.trxyt,323,1
20220217_h2b halo_cell3_no_ir.rpt_tracked.trxyt,1207,1
20220217_h2b halo_cell10_no_ir.rpt_tracked.trxyt,1186,1
20220301_H2B Halo_Field13_no_ir.mldatx_tracked.trxyt,318,1
20220217_h2b halo_cell5_no_ir.rpt_tracked.trxyt,3,1
20220301_H2B Halo_Field13_no_ir.mldatx_tracked.trxyt,4064,1
20220301_H2B Halo_Field7_no_ir.mldatx_tracked copy.trxyt,46,1
20220301_H2B Halo_Field14_noo_ir.rpt_tracked.trxyt,3,1
20220301_H2B Halo_Field2_no_ir.rpt_tracked.trxyt,369,1
20220301_H2B Halo_Field13_no_ir.mldatx_tracked.trxyt,4138,1
20220217_h2b halo_cell3_no_ir.rpt_tracked.trxyt,689,1
20220301_H2B Halo_Field9_no_ir.mldatx_tracked.trxyt,2407,1
20220301_H2B Halo_Field8_no_ir.rpt_tracked.trxyt,951,1
20220301_H2B Halo_Field6_no_ir.rpt_tracked.trxyt,2083,1
20220301_H2B Halo_Field14_noo_ir.rpt_tracked.trxyt,249,1
20220301_H2B Halo_Field7_no_ir.mldatx_tracked copy.trxyt,21,1
20220301_H2B Halo_Field6_no_ir.rpt_tracked.trxyt,2652,1
20220217_h2b halo_cel9_no_ir.rpt_tracked.trxyt,215,1
20220301_H2B Halo_Field14_noo_ir.rpt_tracked.trxyt,2305,1
20220217_h2b halo_cell10_no_ir.rpt_tracked.trxyt,1687,1
20220301_H2B Halo_Field1_no_IR.rpt_tracked copy.trxyt,315,1
20220217_h2b halo_cell10_no_ir.rpt_tracked.trxyt,768,1
20220301_H2B Halo_Field7_no_ir.mldatx_tracked copy.trxyt,338,1
20220301_H2B Halo_Field9_no_ir.mldatx_tracked.trxyt,116,1
20220217_h2b halo_cel8_no_ir.rpt_tracked.trxyt,3580,1
20220301_H2B Halo_Field2_no_ir.rpt_tracked.trxyt,3003,1
20220301_H2B Halo_Field8_no_ir.rpt_tracked.trxyt,373,1
20220301_H2B Halo_Field10_no_ir.rpt_tracked.trxyt,164,1
20220301_H2B Halo_Field13_no_ir.mldatx_tracked.trxyt,3037,1
20220301_H2B Halo_Field13_no_ir.mldatx_tracked.trxyt,4189,1
20220301_H2B Halo_Field5_no ir.mldatx_tracked.trxyt,45,1
20220217_h2b halo_cell10_no_ir.rpt_tracked.trxyt,2210,1
20220301_H2B Halo_Field13_no_ir.mldatx_tracked.trxyt,949,1
20220217_h2b halo_cel8_no_ir.rpt_tracked.trxyt,1750,1
20220301_H2B Halo_Field6_no_ir.rpt_tracked.trxyt,265,1
20220301_H2B Halo_Field2_no_ir.rpt_tracked.trxyt,4197,1
20220217_h2b halo_cel8_no_ir.rpt_tracked.trxyt,3555,1
20220301_H2B Halo_Field13_no_ir.mldatx_tracked.trxyt,2883,1
20220217_h2b halo_cell10_no_ir.rpt_tracked.trxyt,1684,1
20220301_H2B Halo_Field1_no_IR.rpt_tracked copy.trxyt,2039,1
20220217_h2b halo_cel8_no_ir.rpt_tracked.trxyt,4978,1
20220301_H2B Halo_Field7_no_ir.mldatx_tracked copy.trxyt,37,1
20220301_H2B Halo_Field13_no_ir.mldatx_tracked.trxyt,553,1
20220217_h2b halo_cell1_no_ir.rpt_tracked.trxyt,2211,1
20220217_h2b halo_cell5_no_ir.rpt_tracked.trxyt,45,1
20220301_H2B Halo_Field14_noo_ir.rpt_tracked.trxyt,667,1
20220301_H2B Halo_Field14_noo_ir.rpt_tracked.trxyt,20,1
20220301_H2B Halo_Field13_no_ir.mldatx_tracked.trxyt,4367,1
20220217_h2b halo_cel8_no_ir.rpt_tracked.trxyt,1964,1
20220301_H2B Halo_Field11_no_Ir.rpt_tracked.trxyt,1246,1
20220217_h2b halo_cell3_no_ir.rpt_tracked.trxyt,1919,1
20220217_h2b halo_cel8_no_ir.rpt_tracked.trxyt,998,1
20220301_H2B Halo_Field13_no_ir.mldatx_tracked.trxyt,1419,1
20220217_h2b halo_cell10_no_ir.rpt_tracked.trxyt,948,1
20220301_H2B Halo_Field5_no ir.mldatx_tracked.trxyt,1214,1
20220301_H2B Halo_Field5_no ir.mldatx_tracked.trxyt,1599,1
20220301_H2B Halo_Field13_no_ir.mldatx_tracked.trxyt,5124,1
20220217_h2b halo_cell10_no_ir.rpt_tracked.trxyt,791,1
20220301_H2B Halo_Field10_no_ir.rpt_tracked.trxyt,1189,1
20220301_H2B Halo_Field13_no_ir.mldatx_tracked.trxyt,1154,1
20220217_h2b halo_cel8_no_ir.rpt_tracked.trxyt,392,1
20220301_H2B Halo_Field1_no_IR.rpt_tracked copy.trxyt,2438,1
20220217_h2b halo_cel8_no_ir.rpt_tracked.trxyt,3419,1
20220301_H2B Halo_Field1_no_IR.rpt_tracked copy.trxyt,2174,1
20220217_h2b halo_cell6_no_ir003.rpt_tracked.trxyt,312,1
20220301_H2B Halo_Field8_no_ir.rpt_tracked.trxyt,1026,1
20220217_h2b halo_cel8_no_ir.rpt_tracked.trxyt,3182,1
20220301_H2B Halo_Field2_no_ir.rpt_tracked.trxyt,3415,1
20220217_h2b halo_cell6_no_ir003.rpt_tracked.trxyt,476,1
20220301_H2B Halo_Field13_no_ir.mldatx_tracked.trxyt,3392,1
20220301_H2B Halo_Field13_no_ir.mldatx_tracked.trxyt,5085,1
20220217_h2b halo_cel9_no_ir.rpt_tracked.trxyt,370,1
20220217_h2b halo_cell1_no_ir.rpt_tracked.trxyt,444,1
20220301_H2B Halo_Field1_no_IR.rpt_tracked copy.trxyt,1912,1
20220301_H2B Halo_Field13_no_ir.mldatx_tracked.trxyt,1817,1
20220301_H2B Halo_Field9_no_ir.mldatx_tracked.trxyt,489,1
20220217_h2b halo_cel8_no_ir.rpt_tracked.trxyt,4764,1
20220301_H2B Halo_Field7_no_ir.mldatx_tracked copy.trxyt,329,1
20220301_H2B Halo_Field13_no_ir.mldatx_tracked.trxyt,1194,1
20220301_H2B Halo_Field6_no_ir.rpt_tracked.trxyt,1411,1
20220301_H2B Halo_Field11_no_Ir.rpt_tracked.trxyt,2177,1
20220301_H2B Halo_Field13_no_ir.mldatx_tracked.trxyt,384,1
20220301_H2B Halo_Field2_no_ir.rpt_tracked.trxyt,4153,1
20220217_h2b halo_cel8_no_ir.rpt_tracked.trxyt,2923,1
20220301_H2B Halo_Field2_no_ir.rpt_tracked.trxyt,2278,1
20220217_h2b halo_cell6_no_ir003.rpt_tracked.trxyt,1947,1
20220301_H2B Halo_Field14_noo_ir.rpt_tracked.trxyt,846,1
20220301_H2B Halo_Field14_noo_ir.rpt_tracked.trxyt,2507,1
20220217_h2b halo_cel8_no_ir.rpt_tracked.trxyt,3601,2
20220217_h2b halo_cel8_no_ir.rpt_tracked.trxyt,4436,2
20220217_h2b halo_cel8_no_ir.rpt_tracked.trxyt,1572,2
20220217_h2b halo_cell1_no_ir.rpt_tracked.trxyt,1459,2
20220217_h2b halo_cel8_no_ir.rpt_tracked.trxyt,766,2
20220217_h2b halo_cell1_no_ir.rpt_tracked.trxyt,1841,2
20220217_h2b halo_cell1_no_ir.rpt_tracked.trxyt,1128,2
20220217_h2b halo_cel9_no_ir.rpt_tracked.trxyt,1695,2
20220217_h2b halo_cel9_no_ir.rpt_tracked.trxyt,2571,2
20220217_h2b halo_cel9_no_ir.rpt_tracked.trxyt,2767,2
20220217_h2b halo_cel9_no_ir.rpt_tracked.trxyt,194,2
20220217_h2b halo_cel9_no_ir.rpt_tracked.trxyt,72,2
20220217_h2b halo_cel8_no_ir.rpt_tracked.trxyt,1954,2
20220217_h2b halo_cel8_no_ir.rpt_tracked.trxyt,2736,2
20220217_h2b halo_cel8_no_ir.rpt_tracked.trxyt,2722,2
20220217_h2b halo_cell1_no_ir.rpt_tracked.trxyt,1738,2
20220217_h2b halo_cel9_no_ir.rpt_tracked.trxyt,2567,2
20220217_h2b halo_cel8_no_ir.rpt_tracked.trxyt,4384,2
20220217_h2b halo_cel8_no_ir.rpt_tracked.trxyt,1377,2
20220217_h2b halo_cel9_no_ir.rpt_tracked.trxyt,586,2
20220217_h2b halo_cell1_no_ir.rpt_tracked.trxyt,517,2
20220217_h2b halo_cel9_no_ir.rpt_tracked.trxyt,545,2
20220217_h2b halo_cell1_no_ir.rpt_tracked.trxyt,932,2
20220217_h2b halo_cel8_no_ir.rpt_tracked.trxyt,943,2
20220217_h2b halo_cell1_no_ir.rpt_tracked.trxyt,700,2
20220217_h2b halo_cel8_no_ir.rpt_tracked.trxyt,2469,2
20220217_h2b halo_cell1_no_ir.rpt_tracked.trxyt,933,2
20220217_h2b halo_cell1_no_ir.rpt_tracked.trxyt,2973,2
20220217_h2b halo_cel9_no_ir.rpt_tracked.trxyt,88,2
20220217_h2b halo_cel9_no_ir.rpt_tracked.trxyt,1255,2
20220217_h2b halo_cell1_no_ir.rpt_tracked.trxyt,1715,2
20220217_h2b halo_cel9_no_ir.rpt_tracked.trxyt,1916,2
20220217_h2b halo_cell1_no_ir.rpt_tracked.trxyt,466,2
20220217_h2b halo_cel9_no_ir.rpt_tracked.trxyt,2576,2
20220217_h2b halo_cel8_no_ir.rpt_tracked.trxyt,2653,2
20220217_h2b halo_cel9_no_ir.rpt_tracked.trxyt,568,2
20220217_h2b halo_cel8_no_ir.rpt_tracked.trxyt,29,2
20220217_h2b halo_cel9_no_ir.rpt_tracked.trxyt,795,2
20220217_h2b halo_cel9_no_ir.rpt_tracked.trxyt,2199,2
20220217_h2b halo_cel8_no_ir.rpt_tracked.trxyt,947,2
20220217_h2b halo_cell1_no_ir.rpt_tracked.trxyt,1112,2
20220217_h2b halo_cel9_no_ir.rpt_tracked.trxyt,1687,2
20220217_h2b halo_cell1_no_ir.rpt_tracked.trxyt,1072,2
20220217_h2b halo_cel8_no_ir.rpt_tracked.trxyt,1978,2
20220217_h2b halo_cell1_no_ir.rpt_tracked.trxyt,471,2
20220217_h2b halo_cel8_no_ir.rpt_tracked.trxyt,1371,2
20220217_h2b halo_cel8_no_ir.rpt_tracked.trxyt,2693,2
20220217_h2b halo_cell1_no_ir.rpt_tracked.trxyt,934,2
20220217_h2b halo_cel9_no_ir.rpt_tracked.trxyt,1479,2
20220217_h2b halo_cel9_no_ir.rpt_tracked.trxyt,2164,2
20220217_h2b halo_cel8_no_ir.rpt_tracked.trxyt,3765,2
20220217_h2b halo_cel9_no_ir.rpt_tracked.trxyt,218,2
20220217_h2b halo_cel9_no_ir.rpt_tracked.trxyt,1647,2
20220217_h2b halo_cel8_no_ir.rpt_tracked.trxyt,17,2
20220217_h2b halo_cel8_no_ir.rpt_tracked.trxyt,2080,2
20220217_h2b halo_cell1_no_ir.rpt_tracked.trxyt,36,2
20220217_h2b halo_cell1_no_ir.rpt_tracked.trxyt,1717,2
20220217_h2b halo_cell1_no_ir.rpt_tracked.trxyt,1703,2
20220217_h2b halo_cel8_no_ir.rpt_tracked.trxyt,2255,2
20220217_h2b halo_cel8_no_ir.rpt_tracked.trxyt,5260,2
20220217_h2b halo_cell1_no_ir.rpt_tracked.trxyt,1200,2
20220217_h2b halo_cel8_no_ir.rpt_tracked.trxyt,102,2
20220217_h2b halo_cell1_no_ir.rpt_tracked.trxyt,1002,2
20220217_h2b halo_cell1_no_ir.rpt_tracked.trxyt,1758,2
20220217_h2b halo_cel9_no_ir.rpt_tracked.trxyt,1998,2
20220217_h2b halo_cel8_no_ir.rpt_tracked.trxyt,2193,2
20220217_h2b halo_cell1_no_ir.rpt_tracked.trxyt,563,2
20220217_h2b halo_cel8_no_ir.rpt_tracked.trxyt,4939,2
20220217_h2b halo_cel8_no_ir.rpt_tracked.trxyt,4087,2
20220217_h2b halo_cell1_no_ir.rpt_tracked.trxyt,984,2
20220217_h2b halo_cel8_no_ir.rpt_tracked.trxyt,1666,2
20220217_h2b halo_cell1_no_ir.rpt_tracked.trxyt,1349,2
20220217_h2b halo_cel9_no_ir.rpt_tracked.trxyt,2328,2
20220217_h2b halo_cel9_no_ir.rpt_tracked.trxyt,2274,2
20220217_h2b halo_cell1_no_ir.rpt_tracked.trxyt,1765,2
20220217_h2b halo_cell1_no_ir.rpt_tracked.trxyt,2085,2
20220217_h2b halo_cell1_no_ir.rpt_tracked.trxyt,1598,2
20220217_h2b halo_cel9_no_ir.rpt_tracked.trxyt,863,2
20220217_h2b halo_cel8_no_ir.rpt_tracked.trxyt,1738,2
20220217_h2b halo_cel8_no_ir.rpt_tracked.trxyt,5210,2
20220217_h2b halo_cel8_no_ir.rpt_tracked.trxyt,667,2
20220217_h2b halo_cel8_no_ir.rpt_tracked.trxyt,2219,2
20220217_h2b halo_cell1_no_ir.rpt_tracked.trxyt,52,2
20220217_h2b halo_cel8_no_ir.rpt_tracked.trxyt,3477,2
20220217_h2b halo_cel8_no_ir.rpt_tracked.trxyt,4495,2
20220217_h2b halo_cell1_no_ir.rpt_tracked.trxyt,1940,2
20220217_h2b halo_cel8_no_ir.rpt_tracked.trxyt,2966,2
20220217_h2b halo_cell1_no_ir.rpt_tracked.trxyt,1798,2
20220217_h2b halo_cel8_no_ir.rpt_tracked.trxyt,1466,2
20220217_h2b halo_cel8_no_ir.rpt_tracked.trxyt,511,2
20220217_h2b halo_cel8_no_ir.rpt_tracked.trxyt,67,2
20220217_h2b halo_cell1_no_ir.rpt_tracked.trxyt,1439,2
20220217_h2b halo_cel9_no_ir.rpt_tracked.trxyt,1420,2
20220217_h2b halo_cel8_no_ir.rpt_tracked.trxyt,5403,2
20220217_h2b halo_cel8_no_ir.rpt_tracked.trxyt,712,2
20220217_h2b halo_cell1_no_ir.rpt_tracked.trxyt,788,2
20220217_h2b halo_cel8_no_ir.rpt_tracked.trxyt,72,2
20220217_h2b halo_cell1_no_ir.rpt_tracked.trxyt,1969,2
20220217_h2b halo_cel8_no_ir.rpt_tracked.trxyt,114,2
20220217_h2b halo_cel8_no_ir.rpt_tracked.trxyt,896,2
20220217_h2b halo_cell1_no_ir.rpt_tracked.trxyt,1570,2
20220217_h2b halo_cel8_no_ir.rpt_tracked.trxyt,128,2
20220217_h2b halo_cel9_no_ir.rpt_tracked.trxyt,1550,2
20220217_h2b halo_cell1_no_ir.rpt_tracked.trxyt,1010,2
20220217_h2b halo_cel9_no_ir.rpt_tracked.trxyt,1034,2
20220217_h2b halo_cell1_no_ir.rpt_tracked.trxyt,1789,2
20220217_h2b halo_cell1_no_ir.rpt_tracked.trxyt,411,2
20220217_h2b halo_cell1_no_ir.rpt_tracked.trxyt,1945,2
20220217_h2b halo_cel9_no_ir.rpt_tracked.trxyt,2501,2
20220217_h2b halo_cell1_no_ir.rpt_tracked.trxyt,439,2
20220217_h2b halo_cel8_no_ir.rpt_tracked.trxyt,3506,2
20220217_h2b halo_cel9_no_ir.rpt_tracked.trxyt,1197,2
20220217_h2b halo_cel8_no_ir.rpt_tracked.trxyt,2817,2
20220217_h2b halo_cell1_no_ir.rpt_tracked.trxyt,997,2
20220217_h2b halo_cel8_no_ir.rpt_tracked.trxyt,1648,2
20220217_h2b halo_cel8_no_ir.rpt_tracked.trxyt,2816,2
20220217_h2b halo_cel8_no_ir.rpt_tracked.trxyt,515,2
20220217_h2b halo_cell1_no_ir.rpt_tracked.trxyt,362,2
20220217_h2b halo_cell1_no_ir.rpt_tracked.trxyt,1788,2
20220217_h2b halo_cel9_no_ir.rpt_tracked.trxyt,654,2
20220217_h2b halo_cell1_no_ir.rpt_tracked.trxyt,1561,2
20220217_h2b halo_cel8_no_ir.rpt_tracked.trxyt,893,2
20220217_h2b halo_cel9_no_ir.rpt_tracked.trxyt,1586,2
20220217_h2b halo_cel8_no_ir.rpt_tracked.trxyt,4861,2
20220217_h2b halo_cell1_no_ir.rpt_tracked.trxyt,638,2
20220217_h2b halo_cell1_no_ir.rpt_tracked.trxyt,1013,2
20220217_h2b halo_cell1_no_ir.rpt_tracked.trxyt,360,2
20220217_h2b halo_cel8_no_ir.rpt_tracked.trxyt,3505,2
20220217_h2b halo_cel8_no_ir.rpt_tracked.trxyt,926,2
20220217_h2b halo_cel8_no_ir.rpt_tracked.trxyt,933,2
20220217_h2b halo_cel9_no_ir.rpt_tracked.trxyt,1426,2
20220217_h2b halo_cel8_no_ir.rpt_tracked.trxyt,728,2
20220217_h2b halo_cel8_no_ir.rpt_tracked.trxyt,1887,2
20220217_h2b halo_cel8_no_ir.rpt_tracked.trxyt,2829,2
20220217_h2b halo_cell1_no_ir.rpt_tracked.trxyt,573,2
20220217_h2b halo_cell1_no_ir.rpt_tracked.trxyt,1827,2
20220217_h2b halo_cel9_no_ir.rpt_tracked.trxyt,1630,2
20220217_h2b halo_cel8_no_ir.rpt_tracked.trxyt,2,2
20220217_h2b halo_cel8_no_ir.rpt_tracked.trxyt,2140,2
20220217_h2b halo_cel8_no_ir.rpt_tracked.trxyt,3504,2
20220217_h2b halo_cel8_no_ir.rpt_tracked.trxyt,2949,2
20220217_h2b halo_cel9_no_ir.rpt_tracked.trxyt,1220,2
20220217_h2b halo_cel9_no_ir.rpt_tracked.trxyt,2098,2
20220217_h2b halo_cel8_no_ir.rpt_tracked.trxyt,4109,2
20220217_h2b halo_cell1_no_ir.rpt_tracked.trxyt,1221,2
20220217_h2b halo_cel8_no_ir.rpt_tracked.trxyt,123,2
20220217_h2b halo_cell1_no_ir.rpt_tracked.trxyt,185,2
20220217_h2b halo_cel9_no_ir.rpt_tracked.trxyt,128,2
20220217_h2b halo_cel9_no_ir.rpt_tracked.trxyt,100,2
20220217_h2b halo_cell1_no_ir.rpt_tracked.trxyt,1143,2
20220217_h2b halo_cel8_no_ir.rpt_tracked.trxyt,5150,2
20220217_h2b halo_cel8_no_ir.rpt_tracked.trxyt,1336,2
20220217_h2b halo_cel8_no_ir.rpt_tracked.trxyt,45,2
20220217_h2b halo_cel8_no_ir.rpt_tracked.trxyt,5346,2
20220217_h2b halo_cell1_no_ir.rpt_tracked.trxyt,769,2
20220217_h2b halo_cell1_no_ir.rpt_tracked.trxyt,1383,2
20220217_h2b halo_cel8_no_ir.rpt_tracked.trxyt,3044,2
20220217_h2b halo_cell1_no_ir.rpt_tracked.trxyt,1817,2
20220217_h2b halo_cel8_no_ir.rpt_tracked.trxyt,78,2
20220217_h2b halo_cel8_no_ir.rpt_tracked.trxyt,3534,2
20220217_h2b halo_cell1_no_ir.rpt_tracked.trxyt,1630,2
20220217_h2b halo_cell1_no_ir.rpt_tracked.trxyt,379,2
20220217_h2b halo_cel8_no_ir.rpt_tracked.trxyt,3454,2
20220217_h2b halo_cell1_no_ir.rpt_tracked.trxyt,1022,2
20220217_h2b halo_cel8_no_ir.rpt_tracked.trxyt,3656,2
20220217_h2b halo_cel8_no_ir.rpt_tracked.trxyt,3642,2
20220217_h2b halo_cel8_no_ir.rpt_tracked.trxyt,4111,2
20220217_h2b halo_cel9_no_ir.rpt_tracked.trxyt,2094,2
20220217_h2b halo_cel8_no_ir.rpt_tracked.trxyt,2589,2
20220217_h2b halo_cel8_no_ir.rpt_tracked.trxyt,2760,2
20220217_h2b halo_cel9_no_ir.rpt_tracked.trxyt,1992,2
20220217_h2b halo_cell1_no_ir.rpt_tracked.trxyt,1961,2
20220217_h2b halo_cel8_no_ir.rpt_tracked.trxyt,2947,2
20220217_h2b halo_cel8_no_ir.rpt_tracked.trxyt,3046,2
20220217_h2b halo_cel8_no_ir.rpt_tracked.trxyt,1862,2
20220217_h2b halo_cell1_no_ir.rpt_tracked.trxyt,1431,2
20220217_h2b halo_cell1_no_ir.rpt_tracked.trxyt,226,2
20220217_h2b halo_cell1_no_ir.rpt_tracked.trxyt,1182,2
20220217_h2b halo_cel8_no_ir.rpt_tracked.trxyt,3251,2
20220217_h2b halo_cel8_no_ir.rpt_tracked.trxyt,2749,2
20220217_h2b halo_cel8_no_ir.rpt_tracked.trxyt,2775,2
20220217_h2b halo_cel8_no_ir.rpt_tracked.trxyt,4462,2
20220217_h2b halo_cell1_no_ir.rpt_tracked.trxyt,622,2
20220217_h2b halo_cel8_no_ir.rpt_tracked.trxyt,2239,2
20220217_h2b halo_cell1_no_ir.rpt_tracked.trxyt,183,2
20220217_h2b halo_cel8_no_ir.rpt_tracked.trxyt,1913,2
20220217_h2b halo_cel8_no_ir.rpt_tracked.trxyt,5022,2
20220217_h2b halo_cell1_no_ir.rpt_tracked.trxyt,1019,2
20220217_h2b halo_cell1_no_ir.rpt_tracked.trxyt,395,2
20220217_h2b halo_cell1_no_ir.rpt_tracked.trxyt,430,2
20220217_h2b halo_cel8_no_ir.rpt_tracked.trxyt,4248,2
20220217_h2b halo_cel8_no_ir.rpt_tracked.trxyt,4506,2
20220217_h2b halo_cell1_no_ir.rpt_tracked.trxyt,222,2
20220217_h2b halo_cel8_no_ir.rpt_tracked.trxyt,3043,2
20220217_h2b halo_cel8_no_ir.rpt_tracked.trxyt,1640,2
20220217_h2b halo_cel9_no_ir.rpt_tracked.trxyt,2124,2
20220217_h2b halo_cel9_no_ir.rpt_tracked.trxyt,1438,2
20220217_h2b halo_cel8_no_ir.rpt_tracked.trxyt,4077,2
20220217_h2b halo_cel8_no_ir.rpt_tracked.trxyt,3056,2
20220217_h2b halo_cel8_no_ir.rpt_tracked.trxyt,5341,2
20220217_h2b halo_cel9_no_ir.rpt_tracked.trxyt,2327,2
20220217_h2b halo_cel9_no_ir.rpt_tracked.trxyt,2455,2
20220217_h2b halo_cell1_no_ir.rpt_tracked.trxyt,1839,2
20220217_h2b halo_cel9_no_ir.rpt_tracked.trxyt,463,2
20220217_h2b halo_cel9_no_ir.rpt_tracked.trxyt,2284,2
20220217_h2b halo_cell1_no_ir.rpt_tracked.trxyt,1583,2
20220217_h2b halo_cel9_no_ir.rpt_tracked.trxyt,1216,2
20220217_h2b halo_cell1_no_ir.rpt_tracked.trxyt,800,2
20220217_h2b halo_cel8_no_ir.rpt_tracked.trxyt,3122,2
20220217_h2b halo_cell1_no_ir.rpt_tracked.trxyt,2075,2
20220217_h2b halo_cell1_no_ir.rpt_tracked.trxyt,194,2
20220217_h2b halo_cel9_no_ir.rpt_tracked.trxyt,1228,2
20220217_h2b halo_cell1_no_ir.rpt_tracked.trxyt,1768,2
20220217_h2b halo_cel8_no_ir.rpt_tracked.trxyt,4471,2
20220217_h2b halo_cel8_no_ir.rpt_tracked.trxyt,2955,2
20220217_h2b halo_cel9_no_ir.rpt_tracked.trxyt,1980,2
20220217_h2b halo_cel9_no_ir.rpt_tracked.trxyt,2319,2
20220217_h2b halo_cel9_no_ir.rpt_tracked.trxyt,515,2
20220217_h2b halo_cel9_no_ir.rpt_tracked.trxyt,1162,2
20220217_h2b halo_cel8_no_ir.rpt_tracked.trxyt,68,2
20220217_h2b halo_cel8_no_ir.rpt_tracked.trxyt,3054,2
20220217_h2b halo_cell1_no_ir.rpt_tracked.trxyt,976,2
20220217_h2b halo_cel9_no_ir.rpt_tracked.trxyt,2655,2
20220217_h2b halo_cel9_no_ir.rpt_tracked.trxyt,1349,2
20220217_h2b halo_cel9_no_ir.rpt_tracked.trxyt,1407,2
20220217_h2b halo_cell1_no_ir.rpt_tracked.trxyt,793,2
20220217_h2b halo_cel9_no_ir.rpt_tracked.trxyt,2330,2
20220217_h2b halo_cel8_no_ir.rpt_tracked.trxyt,55,2
20220217_h2b halo_cell1_no_ir.rpt_tracked.trxyt,3022,2
20220217_h2b halo_cel8_no_ir.rpt_tracked.trxyt,3492,2
20220217_h2b halo_cel8_no_ir.rpt_tracked.trxyt,2798,2
20220217_h2b halo_cel8_no_ir.rpt_tracked.trxyt,3479,2
20220217_h2b halo_cell1_no_ir.rpt_tracked.trxyt,1769,2
20220217_h2b halo_cel9_no_ir.rpt_tracked.trxyt,2720,2
20220217_h2b halo_cel9_no_ir.rpt_tracked.trxyt,1573,2
20220217_h2b halo_cel8_no_ir.rpt_tracked.trxyt,4128,2
20220217_h2b halo_cell1_no_ir.rpt_tracked.trxyt,1242,2
20220217_h2b halo_cel9_no_ir.rpt_tracked.trxyt,2009,2
20220217_h2b halo_cell1_no_ir.rpt_tracked.trxyt,469,2
20220217_h2b halo_cell1_no_ir.rpt_tracked.trxyt,333,2
20220217_h2b halo_cel8_no_ir.rpt_tracked.trxyt,1355,2
20220217_h2b halo_cel9_no_ir.rpt_tracked.trxyt,1138,2
20220217_h2b halo_cell1_no_ir.rpt_tracked.trxyt,247,2
20220217_h2b halo_cell1_no_ir.rpt_tracked.trxyt,904,2
20220217_h2b halo_cel8_no_ir.rpt_tracked.trxyt,3032,2
20220217_h2b halo_cell1_no_ir.rpt_tracked.trxyt,2171,2
20220217_h2b halo_cel8_no_ir.rpt_tracked.trxyt,753,2
20220217_h2b halo_cel8_no_ir.rpt_tracked.trxyt,4774,2
20220217_h2b halo_cell1_no_ir.rpt_tracked.trxyt,3050,2
20220217_h2b halo_cel8_no_ir.rpt_tracked.trxyt,4576,2
20220217_h2b halo_cel8_no_ir.rpt_tracked.trxyt,3437,2
20220217_h2b halo_cell1_no_ir.rpt_tracked.trxyt,656,2
20220217_h2b halo_cell1_no_ir.rpt_tracked.trxyt,1531,2
20220217_h2b halo_cel8_no_ir.rpt_tracked.trxyt,2267,2
20220217_h2b halo_cell1_no_ir.rpt_tracked.trxyt,1725,2
20220217_h2b halo_cell1_no_ir.rpt_tracked.trxyt,244,2
20220217_h2b halo_cel8_no_ir.rpt_tracked.trxyt,3583,2
20220217_h2b halo_cel9_no_ir.rpt_tracked.trxyt,2433,2
20220217_h2b halo_cel8_no_ir.rpt_tracked.trxyt,2676,2
20220217_h2b halo_cel9_no_ir.rpt_tracked.trxyt,1714,2
20220217_h2b halo_cel9_no_ir.rpt_tracked.trxyt,388,2
20220217_h2b halo_cel8_no_ir.rpt_tracked.trxyt,2299,2
20220217_h2b halo_cel8_no_ir.rpt_tracked.trxyt,5247,2
20220217_h2b halo_cel9_no_ir.rpt_tracked.trxyt,85,2
20220217_h2b halo_cel8_no_ir.rpt_tracked.trxyt,2289,2
20220217_h2b halo_cel9_no_ir.rpt_tracked.trxyt,1923,2
20220217_h2b halo_cell1_no_ir.rpt_tracked.trxyt,1085,2
20220217_h2b halo_cell1_no_ir.rpt_tracked.trxyt,282,2
20220217_h2b halo_cel8_no_ir.rpt_tracked.trxyt,4571,2
20220217_h2b halo_cel8_no_ir.rpt_tracked.trxyt,2316,2
20220217_h2b halo_cel9_no_ir.rpt_tracked.trxyt,944,2
20220217_h2b halo_cel8_no_ir.rpt_tracked.trxyt,1192,2
20220217_h2b halo_cel8_no_ir.rpt_tracked.trxyt,4968,2
20220217_h2b halo_cell1_no_ir.rpt_tracked.trxyt,1494,2
20220217_h2b halo_cel9_no_ir.rpt_tracked.trxyt,1498,2
20220217_h2b halo_cel8_no_ir.rpt_tracked.trxyt,2698,2
20220217_h2b halo_cel8_no_ir.rpt_tracked.trxyt,21,2
20220217_h2b halo_cell1_no_ir.rpt_tracked.trxyt,254,2
20220217_h2b halo_cell1_no_ir.rpt_tracked.trxyt,3042,2
20220217_h2b halo_cel8_no_ir.rpt_tracked.trxyt,2908,2
20220217_h2b halo_cel8_no_ir.rpt_tracked.trxyt,806,2
20220217_h2b halo_cel8_no_ir.rpt_tracked.trxyt,3814,2
20220217_h2b halo_cel9_no_ir.rpt_tracked.trxyt,1261,2
20220217_h2b halo_cel8_no_ir.rpt_tracked.trxyt,2505,2
20220217_h2b halo_cell1_no_ir.rpt_tracked.trxyt,1247,2
20220217_h2b halo_cel8_no_ir.rpt_tracked.trxyt,4837,2
20220217_h2b halo_cel9_no_ir.rpt_tracked.trxyt,69,2
20220217_h2b halo_cel9_no_ir.rpt_tracked.trxyt,1920,2
20220217_h2b halo_cel8_no_ir.rpt_tracked.trxyt,1387,2
20220217_h2b halo_cell1_no_ir.rpt_tracked.trxyt,2160,2
20220217_h2b halo_cel9_no_ir.rpt_tracked.trxyt,2150,2
20220217_h2b halo_cel9_no_ir.rpt_tracked.trxyt,2186,2
20220217_h2b halo_cel8_no_ir.rpt_tracked.trxyt,1386,2
20220217_h2b halo_cel9_no_ir.rpt_tracked.trxyt,1855,2
20220217_h2b halo_cel9_no_ir.rpt_tracked.trxyt,1869,2
20220217_h2b halo_cel8_no_ir.rpt_tracked.trxyt,3426,2
20220217_h2b halo_cel8_no_ir.rpt_tracked.trxyt,2738,2
20220217_h2b halo_cell1_no_ir.rpt_tracked.trxyt,1285,2
20220217_h2b halo_cell1_no_ir.rpt_tracked.trxyt,848,2
20220217_h2b halo_cell1_no_ir.rpt_tracked.trxyt,690,2
